Energy,KacRice_p50,KacRice_p54,KacRice_p58,KacRice_p62,KacRice_p63,KacRice_p64,ProbPD_p50,ProbPD_p54,ProbPD_p58,ProbPD_p62,ProbPD_p63,ProbPD_p64,Prefactor_p50,Prefactor_p54,Prefactor_p58,Prefactor_p62,Prefactor_p63,Prefactor_p64,RawDet_p50,RawDet_p54,RawDet_p58,RawDet_p62,RawDet_p63,RawDet_p64
1e-08,1.6417933897050776e+19,3.7007543496294594e+37,1.8675058734907493e+55,6.11339073650724e+71,4.297990560494411e+75,1.2191273096444241e+79,1.0,1.0,1.0,0.99864,0.98629,0.88916,2.0289608813413164e+16,2.0505642233983383e+36,2.0723975868383867e+56,2.0944634208119914e+76,2.1000164923150825e+81,2.1055842867313595e+86,809.1794202654671,18.0474930138804,0.09011330091055468,2.918833852986161e-05,2.046646098362902e-06,5.7899715405691864e-08
2.513557788944724e-05,4.1089028740620416e+39,1.4997246614987298e+51,1.0862153966053355e+62,4.847888273409429e+71,5.690398101679116e+73,3.9939259241460454e+75,1.0,0.99993,0.98809,0.63061,0.41084,0.20033,5.112787468098007e+36,8.178613651236536e+49,1.3082828432349463e+63,2.0927801102869495e+76,4.185324034452423e+79,8.370175723317293e+82,803.6521955391552,18.337150102107884,0.08302603693246391,2.3164823908541043e-05,1.3596075369164593e-06,4.7716153831991006e-08
5.0261155778894476e-05,2.55955895840374e+41,2.298776702045844e+52,4.1038078680542565e+62,4.2678876920202814e+71,3.911942340206662e+73,1.6879301433884722e+75,1.0,0.99952,0.96364,0.46939,0.26215,0.10877,3.265653778293931e+38,1.3064864172843147e+51,5.2268454478972364e+63,2.091098152630757e+76,2.9573866512401045e+79,4.182556325215947e+82,783.7814821082857,17.595106015905785,0.07851404654991705,2.0409791317786597e-05,1.3227699998464148e-06,4.035642349183005e-08
7.538673366834171e-05,2.8621970395093186e+42,1.1213036210992488e+53,8.806130440270005e+62,3.4025740208936565e+71,2.894381304040974e+73,9.168154702551776e+74,1.0,0.999,0.93554,0.36134,0.18428,0.06745,3.715315436379156e+39,6.607018768434441e+51,1.1749391876396821e+64,2.0894175467561243e+76,2.4128354204580637e+79,2.7863146718833193e+82,770.3779365497797,16.971400572620837,0.07494967001620322,1.6284796814194665e-05,1.199576763296807e-06,3.2904232946363015e-08
0.00010051231155778894,1.5777430108411146e+43,3.5053777988431996e+53,1.4390230504264755e+63,2.9247695979796847e+71,1.5926224059913697e+73,4.201522070957488e+74,0.99999,0.99771,0.90211,0.28517,0.13535,0.04436,2.085415110792969e+40,2.0861892170036992e+52,2.0869636105627002e+64,2.087738291576636e+76,2.0879320067574565e+79,2.0881257399125468e+82,756.560649568318,16.80277977794276,0.06895295361850977,1.4009273143957772e-05,7.627750333042218e-07,2.0121020447425032e-08
0.0001256378894472362,6.025904924137937e+43,8.270610408342518e+53,2.0707220330663297e+63,2.2951529682537056e+71,1.4308438998651127e+73,3.985652870905113e+74,0.99997,0.99585,0.86812,0.22666,0.09785,0.03178,7.947884790565085e+40,5.088736939322656e+52,3.258130222064505e+64,2.0860603860067246e+76,1.8660208213750868e+79,1.6691912320289507e+82,758.1771858710476,16.252776488468648,0.06355553314115918,1.1002332356481972e-05,7.667888179354351e-07,2.3877748663108153e-08
0.00015076346733668342,1.774403695833056e+44,1.6340283552835146e+54,2.907382821739984e+63,2.1451164681357652e+71,1.0130340378536746e+73,3.9273945115327773e+74,0.99997,0.99372,0.8333,0.1846,0.07554,0.02378,2.371129595353929e+41,1.054296486488516e+53,4.687812440113017e+64,2.084383828961735e+76,1.7020784069516544e+79,1.3898931968082667e+82,748.3368683474249,15.498755579902175,0.06202003298728161,1.029136974836483e-05,5.951747191646552e-07,2.825680793712493e-08
0.00017588904522613066,4.407023394315905e+44,3.010634954826896e+54,3.709272461308217e+63,1.9179410110426573e+71,9.793215193584701e+72,1.4238624660486526e+74,0.99988,0.99024,0.79673,0.15148,0.05771,0.01607,5.9739578896215825e+41,1.9515706411219585e+53,6.375384690785673e+64,2.0827086193578523e+76,1.5745593825640098e+79,1.190390833444941e+82,737.7058017051181,15.42672804862488,0.05818115519631654,9.208878252177222e-06,6.219654401117248e-07,1.1961302339065015e-08
0.0002010146231155779,9.659047371498276e+44,4.947147938579497e+54,4.739948592902682e+63,2.1186359787942052e+71,5.927667658171239e+72,9.889266646800185e+73,0.99983,0.98712,0.76282,0.12578,0.04525,0.012,1.3299831519123628e+42,3.3265230528834938e+53,8.32022240691849e+64,2.0810347561121522e+76,1.4716869305268959e+79,1.0407622530677965e+82,726.2533632557432,14.871828212016192,0.056969013099473,1.018068522196285e-05,4.0278047832150046e-07,9.501945922471869e-09
0.00022614020100502512,1.9596865765170935e+45,7.816467805215338e+54,5.373210798705955e+63,1.6652066566912513e+71,5.083647451912905e+72,1.0094938166461177e+74,0.99966,0.98399,0.72768,0.10315,0.03715,0.00956,2.6940006107334496e+42,5.324046551828572e+53,1.0521702026756624e+65,2.079362238142561e+76,1.3864084330048239e+79,9.24383596012534e+81,727.4261812374137,14.681441510932562,0.05106788602302092,8.008256695950852e-06,3.6667747619616627e-07,1.0920724047903049e-08
0.0002512657788944724,3.496794744239911e+45,1.1712681842425546e+55,6.450272040669811e+63,1.516522697637194e+71,3.648959258432295e+72,6.919861280053966e+73,0.99949,0.97792,0.69202,0.08563,0.02846,0.00735,5.0650289221017423e+42,8.108022472423535e+53,1.2979200992606795e+65,2.0776910643679015e+76,1.3142083600260305e+79,8.3128028183909e+81,690.3800152021462,14.445793511626217,0.04969698862313644,7.299076959252205e-06,2.77654546221272e-07,8.32434189915434e-09
0.0002763913567839196,6.244180171719845e+45,1.615430375016711e+55,7.26399344283129e+63,1.064424522541907e+71,2.7582071509128004e+72,5.4125718550141684e+73,0.99939,0.97292,0.65819,0.07186,0.02371,0.00524,8.96560150748013e+42,1.186124341029903e+54,1.5692097749491016e+65,2.0760212337078496e+76,1.252043701470761e+79,7.551047190364182e+81,696.4597039596547,13.619401601808836,0.0462907736033374,5.127233311774976e-06,2.2029639601818745e-07,7.167975141144792e-09
0.00030151693467336685,1.0112900111742861e+46,2.276373052373462e+55,8.001752106203763e+63,9.755297406982755e+70,2.5756023977945943e+72,2.5886204546509648e+73,0.99924,0.96853,0.62439,0.06073,0.01892,0.00392,1.5099193820480269e+43,1.6785336165998913e+54,1.8659771743802233e+65,2.074352745082954e+76,1.197778963328522e+79,6.91625109756815e+81,669.7642425137897,13.561676869984765,0.04288236863809179,4.702815097435435e-06,2.1503152723915128e-07,3.742808666332487e-09
0.00032664251256281406,1.6833528130501353e+46,3.110824728184356e+55,8.664913957958478e+63,1.133372530470598e+71,2.4328926560713195e+72,1.6675551824819177e+73,0.99886,0.96158,0.59213,0.05165,0.01508,0.0032,2.4387684550378295e+43,2.3100684875372517e+54,2.1881603421961056e+65,2.0726855974145956e+76,1.1498653875388275e+79,6.379117079353848e+81,690.2470833476577,13.466374460182283,0.039599081433228524,5.468135311425583e-06,2.1158064956444025e-07,2.6140846166297788e-09
0.0003517680904522613,2.544989911961458e+46,4.003073862801183e+55,9.500327909982303e+63,6.838671135303999e+70,1.5167867476525857e+72,1.5845284173260893e+73,0.99877,0.9556,0.56486,0.04277,0.01248,0.00253,3.8012268665972656e+43,3.104635432626119e+54,2.535697422907534e+65,2.0710197896250796e+76,1.1071486981195174e+79,5.918718140156674e+81,669.5180270152225,12.893861291195476,0.037466331054155665,3.302079086623318e-06,1.3699937056592623e-07,2.6771479563717584e-09
0.0003768936683417085,3.736138847948529e+46,5.026752088711237e+55,1.0732128888164603e+64,7.126386643940115e+70,2.030109962037327e+72,9.706676901021647e+72,0.99814,0.94823,0.53574,0.03755,0.01043,0.00218,5.745780236875012e+43,4.088001346112664e+54,2.908526660760011e+65,2.069355320637568e+76,1.068748634252748e+79,5.5197076684983955e+81,650.2404710801335,12.296356246289509,0.03689884996742732,3.4437713875761442e-06,1.8995205205167328e-07,1.7585490906373112e-09
0.0004020192462311558,5.526519882511826e+46,6.339117583710848e+55,1.0595578722657595e+64,6.127065761681368e+70,1.1018006652831709e+72,1.2105111103640986e+73,0.99811,0.94138,0.50649,0.03123,0.00887,0.00174,8.4560560088951e+43,5.287785906527169e+54,3.306586399599878e+65,2.067692189376031e+76,1.0339805996281385e+79,5.170575610337787e+81,653.557625055743,11.988226633544164,0.03204385865719323,2.9632388191833997e-06,1.0655912361212804e-07,2.341153483847841e-09
0.00042714482412060305,7.826972607961492e+46,7.653523758513119e+55,1.1761287723856306e+64,5.906704516873521e+70,1.3694590009264572e+72,1.2453745298443068e+73,0.99753,0.93328,0.48237,0.02653,0.00691,0.00127,1.2155938372259679e+44,6.733453964030813e+54,3.7298150827408377e+65,2.0660303947653733e+76,1.0023030636485886e+79,4.8625200962420245e+81,643.8805765767081,11.366415808880841,0.031533165754731134,2.8589630297013663e-06,1.3663122967432082e-07,2.5611709673072377e-09
0.00045227040201005025,1.0731699909578167e+47,9.828316341025518e+55,1.2123968269729758e+64,4.2999426704732565e+70,7.291947446588872e+71,5.923367430869033e+72,0.99706,0.92573,0.45517,0.02317,0.00563,0.00108,1.711502043718429e+44,8.456307946251637e+54,4.178151252830351e+65,2.0643699357313307e+76,9.732812739980571e+78,4.588695184517382e+81,627.0340107957074,11.622467397704032,0.02901754277449093,2.08293222839924e-06,7.492127549762587e-08,1.2908609512470866e-09
0.0004773959798994975,1.4215307762980962e+47,1.1435192819695968e+56,1.2147796332599165e+64,2.8163163515677085e+70,5.785010410037894e+71,9.210501279447638e+72,0.99682,0.91504,0.43142,0.02022,0.00527,0.00094,2.3654391691518624e+44,1.0489480282575434e+55,4.651533551716328e+65,2.0627108112004896e+76,9.4656162069704e+78,4.343696154164969e+81,600.958500576361,10.90158188169866,0.026115680339695406,1.3653471617422818e-06,6.111604657896293e-08,2.120429457437099e-09
0.0005025215577889448,1.929544625385311e+47,1.3799680530996648e+56,1.3269868547271687e+64,3.982183007913081e+70,4.024608941922368e+71,5.7902970988260604e+72,0.99575,0.90772,0.40758,0.01644,0.0038,0.00063,3.2152758779805728e+44,1.286792584685687e+55,5.149900720314102e+65,2.0610530201003505e+76,9.218531432831053e+78,4.1231992068770985e+81,600.1179054648354,10.724090809372646,0.025767231773862885,1.9321109011155825e-06,4.365781004541623e-08,1.4043214524218e-09
0.000527647135678392,2.6197967651593697e+47,1.5944069183729853e+56,1.3419157582564946e+64,3.786864339731158e+70,4.644443293846935e+71,5.335821176362689e+72,0.99534,0.89665,0.38899,0.01509,0.00342,0.00052,4.305289764981436e+44,1.562841441851517e+55,5.673191598473187e+65,2.0593965613592052e+76,8.989139419669531e+78,3.92370410936908e+81,608.5064904268218,10.20197491361678,0.023653630147404882,1.838822308818376e-06,5.166727399604266e-08,1.3598938726347214e-09
0.0005527727135678392,3.403583505139468e+47,1.9411147955114227e+56,1.3959593576293075e+64,3.109448110298673e+70,4.994818321541781e+71,9.022491498054732e+72,0.99491,0.88915,0.36593,0.01341,0.00299,0.00039,5.686843511835451e+44,1.8809523161981617e+55,6.221345124844715e+65,2.057741433906262e+76,8.775410263383832e+78,3.74234702289667e+81,598.5013475499958,10.319851166853944,0.022438224043456367,1.511097584498714e-06,5.6918345372216924e-08,2.4109179193839428e-09
0.0005778982914572864,4.242263285706554e+47,2.1560622739088327e+56,1.4804691356098218e+64,2.0634911351025726e+70,4.668241810839312e+71,8.529805109211183e+71,0.99403,0.87889,0.34592,0.01138,0.00233,0.0003,7.419095791453052e+44,2.2451629124462064e+55,6.794300336748564e+65,2.0560876366715632e+76,8.57562618964733e+78,3.576762159010665e+81,571.8032769699141,9.603143994391505,0.021789868893524737,1.003600769879145e-06,5.4436162533237605e-08,2.3847839833919886e-10
0.0006030238693467338,5.476518425467193e+47,2.5276082109966943e+56,1.471391377733312e+64,1.9552751217987303e+70,3.013702387145994e+71,3.623851974421501e+72,0.99303,0.86893,0.32979,0.01037,0.00232,0.00019,9.569744726493359e+44,2.659690175198185e+55,7.39199637004096e+65,2.054435168586023e+76,8.388322417244493e+78,3.424978020799503e+81,572.2742436698155,9.503393419905953,0.019905196161847667,9.517336695245826e-07,3.5927355164013536e-08,1.0580657605433553e-09
0.000628149447236181,7.1326552952877474e+47,2.8936154563979073e+56,1.718277371455541e+64,2.798421633996345e+70,1.686757250073734e+71,2.188517444764149e+72,0.99236,0.85798,0.31087,0.0084,0.00171,0.00031,1.2215803709159035e+45,3.1289295423677254e+55,8.014372458982054e+65,2.0527840285814098e+76,8.21224116510061e+78,3.2853385458371128e+81,583.8875169498591,9.247940604658835,0.021439949044666538,1.363232368838242e-06,2.0539548415138016e-08,6.661467042832596e-10
0.0006532750251256282,8.770116168895846e+47,3.358722222904325e+56,1.5790336761917323e+64,1.0566595007413794e+70,1.9683381764232982e+71,9.072812272181558e+71,0.9904,0.84981,0.29212,0.00737,0.00171,0.00023,1.544440938997979e+45,3.6574542004300024e+55,8.661367936103756e+65,2.0511342155903495e+76,8.046295484153984e+78,3.156442446633497e+81,567.8505372038264,9.183224283463192,0.018230765484626755,5.151586340425099e-07,2.4462663349856537e-08,2.874379123198702e-10
0.0006784006030150755,1.073150542265423e+48,3.8878807872676343e+56,1.5293813981949425e+64,1.4214094295972654e+70,1.659047025532884e+72,1.8176835953724263e+72,0.98971,0.83785,0.27553,0.00645,0.00126,0.00012,1.9353661643926374e+45,4.250014341490052e+55,9.332922232077767e+65,2.049485728546343e+76,7.889540526115382e+78,3.037096030786511e+81,554.4948351425801,9.147923924192092,0.016386951055247997,6.935444388800116e-07,2.1028436574236832e-07,5.984939484780479e-10
0.0007035261809045227,1.306705079765063e+48,4.1110979454759865e+56,1.667413768998293e+64,7.691343597344957e+69,1.07696260541815e+71,8.388933283305902e+71,0.98917,0.82575,0.26152,0.0056,0.00112,0.00017,2.4053495322824055e+45,4.911536422165336e+55,1.0028974875583452e+66,2.0478385663837056e+76,7.741150506780274e+78,2.9262761309572963e+81,543.2495619566555,8.370289034044337,0.016625964165667414,3.7558349196085124e-07,1.3912177582322761e-08,2.8667606568494146e-10
0.0007286517587939699,1.5683750678733623e+48,4.62872391029895e+56,1.5899199558106056e+64,7.301853820171306e+69,7.582078166345259e+70,6.565784627619789e+71,0.98767,0.81541,0.24869,0.0054,0.00091,0.00016,2.966658360366299e+45,5.647122424279555e+55,1.0749465493176465e+66,2.046192728037647e+76,7.600400076221712e+78,2.823100704400909e+81,528.6672334187183,8.19660627578739,0.014790688493486987,3.568507364980217e-07,9.975893492852075e-09,2.3257351809605798e-10
0.0007537773366834171,1.866455447687608e+48,5.109412044726316e+56,1.6673738368524966e+64,1.402533148719507e+70,9.472539453593468e+70,3.071368815786165e+70,0.98546,0.8058,0.23447,0.00436,0.00078,0.00011,3.632927274302381e+45,6.462049117363816e+55,1.1494333809157009e+66,2.044548212444227e+76,7.466649132898343e+78,2.7268053125126484e+81,513.7607518020071,7.906798527725666,0.014506050237763031,6.859868308230303e-07,1.2686466559486631e-08,1.126361607736496e-11
0.0007789029145728644,2.292785757959556e+48,5.955782214976584e+56,1.7817644106762111e+64,7.156734197506217e+69,1.899504530455108e+71,3.7583699113265667e+70,0.98527,0.79379,0.22017,0.00369,0.00061,7e-05,4.4192548048463126e+45,7.361767322961985e+55,1.2263519645438418e+66,2.04290501854035e+76,7.339330353635446e+78,2.6367241526618577e+81,518.8172801091273,8.090152749598575,0.014528980767270695,3.503214360215182e-07,2.5881169519971424e-08,1.425393667946786e-11
0.0008040284924623116,2.757700932487151e+48,6.42022360612381e+56,1.724522836205716e+64,2.1832119206159095e+70,1.1874383624656904e+71,5.846680265413265e+70,0.98359,0.78198,0.20945,0.0033,0.00061,8e-05,5.342303087832375e+45,8.351901180736841e+55,1.3056962921415986e+66,2.041263145263783e+76,7.217938883446918e+78,2.552274646512686e+81,516.2007634437829,7.687140289604564,0.013207687320434675,1.069539674824131e-06,1.6451211095578447e-08,2.2907723796112257e-11
0.0008291540703517588,3.2499066880631294e+48,6.8972400693932155e+56,1.9251707234615123e+64,6.818448531891688e+69,2.4174949601629094e+70,9.429404012811086e+71,0.98114,0.77036,0.19986,0.0031,0.00049,9e-05,6.420400648205518e+45,9.438247416373613e+55,1.3874603653835981e+66,2.039622591553161e+76,7.1020237565210204e+78,2.472944830434541e+81,506.1844059484774,7.307755100197713,0.013875500673702133,3.342995199273351e-07,3.40395222973337e-09,3.8130264358360836e-10
0.0008542796482412062,3.756975991227037e+48,7.904639937780937e+56,1.609902834622609e+64,5.895171822560505e+69,8.27632384751053e+70,2.2911687400554203e+70,0.97914,0.75763,0.18783,0.0025,0.00044,5e-05,7.673648249374517e+45,1.06267746112771e+56,1.4716381956664275e+66,2.037983356347922e+76,6.991180714965761e+78,2.398282971108083e+81,489.59450174605934,7.438418736568063,0.010939528746694216,2.8926496402427384e-07,1.1838234748808181e-08,9.55337117286384e-12
0.0008794052261306534,4.520063146447931e+48,8.38364126277792e+56,1.7325067657543907e+64,9.383897941916211e+69,8.150465392033988e+70,5.494477633853427e+71,0.97843,0.74551,0.1783,0.00246,0.00044,7e-05,9.124027789218939e+45,1.1923622474060015e+56,1.5582238040956222e+66,2.036345438588407e+76,6.885046163875255e+78,2.3278889612930152e+81,495.40216786591685,7.031119343988483,0.011118471949925835,4.608205348706024e-07,1.1837924101073117e-08,2.360283383448644e-10
0.0009045308040201006,5.214602232090442e+48,8.96515979440899e+56,1.617699499897738e+64,5.872435674585714e+69,5.588109718212756e+70,3.7750170027935336e+71,0.97641,0.73775,0.16535,0.00192,0.00035,7e-05,1.0795514224142747e+46,1.3335101113817827e+56,1.6472112214725582e+66,2.034708837215783e+76,6.783292056127113e+78,2.2614071496185017e+81,483.0341680647941,6.722978489543881,0.00982083826779399,2.886130716678524e-07,8.238049713877806e-09,1.6693221313244619e-10
0.0009296563819095478,5.8331631774567e+48,1.0324901067538454e+57,1.6473242507493836e+64,2.1774711581826553e+69,1.9316727696948493e+71,2.5804136394656597e+71,0.9746,0.72358,0.15538,0.00193,0.00034,4e-05,1.2714190502630225e+46,1.4867690315187844e+56,1.7385944882814324e+66,2.0330735511720846e+76,6.685621542486088e+78,2.1985203330979118e+81,458.7915507676226,6.944522551018715,0.009475034355928117,1.0710242907480275e-07,2.8892942225631056e-08,1.173704696116968e-10
0.0009547819597989951,6.962479718188473e+48,1.0422246383702863e+57,1.4731638624828657e+64,2.8067186598307253e+69,2.801258919937722e+70,1.5124303492206984e+71,0.97281,0.7126,0.14901,0.00153,0.00032,3e-05,1.490836548982016e+46,1.652803881518852e+56,1.8323676546762317e+66,2.0314395794001996e+76,6.5917652552551736e+78,2.1389446981838705e+81,467.01831417687237,6.305797378770245,0.008039674018057063,1.3816402359647996e-07,4.249633916657554e-09,7.07091843236933e-11
0.000979907537688442,8.020418566302837e+48,1.1930704256777617e+57,1.659468718802583e+64,4.225353307896411e+69,2.733492774390066e+70,3.1100152393805104e+71,0.97065,0.69897,0.14183,0.00138,0.00031,1e-05,1.7408694864675312e+46,1.83229635818354e+56,1.9285247804676714e+66,2.029806920843822e+76,6.501478119217546e+78,2.0824255401145516e+81,460.7133750490046,6.511339829657908,0.008604860749573352,2.0816528234812927e-07,4.2044174021138475e-09,1.493458075437085e-10
0.0010050331155778895,9.012082191642276e+48,1.2310593053365242e+57,1.9069425073978684e+64,4.283643377551297e+69,1.2413674084720461e+70,1.6996399968646487e+66,0.9688,0.69117,0.13368,0.00104,0.00016,1e-05,2.024830497138711e+46,2.0259449094532e+56,2.0270599351102918e+66,2.028175574447553e+76,6.414536603661058e+78,2.028733624351788e+81,445.07835121889235,6.0764697973390875,0.009407430310116174,2.1120673335779138e-07,1.9352409771323826e-09,8.377837171243763e-16
0.0010301586934673367,1.0575160709626816e+49,1.360902316379439e+57,1.5454705662581992e+64,1.820394561602423e+69,3.658523894431978e+69,1.7412799840728565e+70,0.9658,0.67789,0.12707,0.00105,0.00019,1e-05,2.3462919606711946e+46,2.2344646626229333e+56,2.127967197689387e+66,2.0265455391568056e+76,6.330736345141119e+78,1.977662080486298e+81,450.71802175043985,6.090507221456524,0.007262661604635257,8.982746878512501e-08,5.778986353206637e-10,8.804739703785408e-12
0.001055284271356784,1.1860521917006723e+49,1.4836594695219598e+57,1.7301539144805782e+64,3.012388307067544e+69,5.236106002505535e+70,2.66843119345275e+71,0.96398,0.66401,0.11928,0.00104,7e-05,3e-05,2.7090989725001874e+46,2.4585873527353807e+56,2.2312406569080962e+66,2.024916813917861e+76,6.249890083275651e+78,1.9290237398666696e+81,437.8031972032687,6.03460140584904,0.00775422368324047,1.4876602763938225e-07,8.377916943718827e-09,1.383306559844197e-10
0.0010804098492462311,1.3446240421015035e+49,1.5796832680593603e+57,1.3792096230274284e+64,2.7663301415380774e+69,5.843045649615272e+69,7.663731534111698e+70,0.96238,0.65568,0.11179,0.00084,0.00015,1e-05,3.1173826042747316e+46,2.699061251149754e+56,2.336874411074395e+66,2.0232893976778092e+76,6.171825861987018e+78,1.8826488447184309e+81,431.33109174910993,5.852713669934101,0.0059019415698652235,1.3672439269998048e-07,9.4672885792246e-10,4.07071746577248e-11
0.0011055354271356783,1.5132389447818773e+49,1.6028667028511586e+57,1.823620078746442e+64,4.868384014825706e+69,1.5964354280726702e+70,2.0501277940985056e+70,0.9589,0.6437,0.10605,0.00078,0.00019,1e-05,3.575573452451554e+46,2.9566510942870664e+56,2.4448625680882584e+66,2.0216632893846494e+76,6.096385456763977e+78,1.8383830696532974e+81,423.21573445634044,5.421223714723282,0.007458988094256798,2.4081082346346294e-07,2.6186589404405448e-09,1.1151798708008888e-11
0.0011306610050251255,1.696550652139456e+49,1.6687606859465806e+57,1.495740188970714e+64,3.546022815977694e+69,1.8741223616456603e+70,9.532593139103028e+67,0.9562,0.62988,0.09769,0.00071,0.00014,1e-05,4.088415473222138e+46,3.2321380125508085e+56,2.5551992454286168e+66,2.020038487987164e+76,6.0234229951218485e+78,1.796085806974644e+81,414.96532415830535,5.163024225656726,0.005853712549605164,1.7554233927052912e-07,3.1113909203511757e-09,5.307426350169696e-14
0.0011557865829145727,1.898260793646227e+49,1.844111890708189e+57,1.5829877510349074e+64,1.0393905777244216e+69,8.027155374409383e+71,1.0522090693100545e+70,0.95344,0.6182,0.09426,0.00054,0.00012,1e-05,4.660980101973626e+46,3.526319459423228e+56,2.6678785701405457e+66,2.0184149924350097e+76,5.95280374282123e+78,1.7556286756370507e+81,407.26644442065634,5.229565590775532,0.005933507501998168,5.149538532066213e-08,1.3484663229641516e-07,5.9933463374779295e-12
0.0011809121608040202,2.1573082101204494e+49,1.8656337041865238e+57,1.5035113993748113e+64,7.98563943302639e+68,3.6717587613542215e+69,2.9666158400832685e+70,0.95034,0.60853,0.08896,0.00046,4e-05,1e-05,5.298680655489279e+46,3.8400091407365346e+56,2.782894678822369e+66,2.016792801678701e+76,5.884403032804981e+78,1.7168942205497228e+81,407.140635638334,4.858409539693661,0.005402688829068618,3.959573549835883e-08,6.239815221500838e-10,1.7278966896011825e-11
0.0012060377386934674,2.486940388085987e+49,1.9892301999134157e+57,1.3326807674974768e+64,9.298267062421164e+68,1.9196302371992473e+70,1.3893468508556743e+71,0.94866,0.59587,0.08293,0.00039,0.0001,1e-05,6.007287015100581e+46,4.174036944118727e+56,2.900241717612738e+66,2.0151719146695766e+76,5.818105317432433e+78,1.679774774465627e+81,413.9872760922757,4.765722552399224,0.004595067919354115,4.6141309308321626e-08,3.29940785266911e-09,8.271030568950269e-11
0.0012311633165829146,2.8131092872600023e+49,2.1877127757021502e+57,1.1143022283981438e+64,1.147350360434077e+69,4.368699283466605e+68,7.112069735293848e+70,0.94599,0.58492,0.07857,0.00051,5e-05,1e-05,6.792940589009208e+46,4.529248868613898e+56,3.0199138421777924e+66,2.013552330359808e+76,5.7538033275771135e+78,1.6441714592300463e+81,414.1224629303451,4.830188932346443,0.0036898477461018275,5.698140262533198e-08,7.592715695595792e-11,4.3256253448313594e-11
0.0012562888944723618,2.985534976996484e+49,2.242182664934506e+57,1.583008811090056e+64,2.8091571289680717e+68,2.1690547661264506e+69,0.0,0.94231,0.57744,0.07609,0.00032,4e-05,0.0,7.662169552002705e+46,4.906506954476539e+56,3.14190521769834e+66,2.0119340477024196e+76,5.691397324630897e+78,1.6099933068783555e+81,389.64616440994024,4.569814504978559,0.0050383722658881415,1.3962471245894276e-08,3.8111111250998803e-10,0.0
0.001281414472361809,3.3150683152464214e+49,2.3447805786809928e+57,1.4083165559233797e+64,1.0014287688665674e+69,1.5349595399702034e+70,0.0,0.9388,0.56224,0.07111,0.00029,5e-05,0.0,8.621904360793836e+46,5.306689213139592e+56,3.26621001885705e+66,2.010317065651296e+76,5.630794433519726e+78,1.5771564841332516e+81,384.4937471495214,4.418537593788637,0.004311775874155803,4.981446887046784e-08,2.7260088395923253e-09,0.0
0.0013065400502512562,3.653812639606261e+49,2.515464429157029e+57,1.2695688534449626e+64,4.069670725934401e+68,1.3761656878271987e+69,0.0,0.93659,0.5532,0.06881,0.00027,5e-05,0.0,9.67949354321919e+46,5.730689557355723e+56,3.392822429825579e+66,2.00870138316114e+76,5.571908046559449e+78,1.5455836063823417e+81,377.47973313809166,4.389462042884983,0.0037419254314179644,2.0260207714547724e-08,2.46982842560899e-10,0.0
0.0013316656281407034,3.9397628395862786e+49,2.647991318806765e+57,1.5106359212319865e+64,6.66717953317815e+68,1.986641488857003e+69,1.7332861233616046e+71,0.93273,0.54399,0.06325,0.00034,4e-05,1e-05,1.0842719759539157e+47,6.179417731511776e+56,3.521736644251803e+66,2.0070869991874914e+76,5.514657289426593e+78,1.515203129318111e+81,363.3555903831391,4.285179338667143,0.004289463051411452,3.321818902657013e-08,3.602474976397983e-10,1.1439298730472117e-10
0.0013567912060301508,4.3186361072797803e+49,2.8005959550968315e+57,1.2509183646181741e+64,2.6242482841720593e+68,1.6257301891954408e+69,0.0,0.92962,0.53245,0.05886,0.00024,3e-05,0.0,1.2119816134086817e+47,6.6537992421160144e+56,3.6529468652470985e+66,2.00547391268676e+76,5.458966541735595e+78,1.4859488081729668e+81,356.3285168273861,4.209017815521283,0.003424408869778503,1.3085427177939798e-08,2.978091506453096e-10,0.0
0.001381916783919598,4.913164024971731e+49,2.906168345333533e+57,1.3401256596129316e+64,4.056764799333937e+68,1.0928445749269068e+70,2.3017170472234015e+69,0.9267,0.52075,0.05599,0.00026,6e-05,1e-05,1.3519482855518575e+47,7.154775288457407e+56,3.786447305373443e+66,2.0038621226161458e+76,5.404765005742077e+78,1.4577592159463068e+81,363.41360667994826,4.061858308844403,0.0035392692715177244,2.024473018152377e-08,2.0220020181559375e-09,1.5789418595643986e-12
0.0014070423618090452,5.438063721955515e+49,2.9340109223190356e+57,1.2877575339239397e+64,5.166366140118691e+68,5.611486975580435e+66,0.0,0.9233,0.513,0.05376,0.00027,2e-05,0.0,1.5050904043927296e+47,7.683302693437487e+56,3.922232186630829e+66,2.0022516279337338e+76,5.351986317564379e+78,1.4305773132498757e+81,361.3114339234428,3.8186845415124053,0.0032832261647164616,2.5802781568719374e-08,1.0484867939898156e-12,0.0
0.0014321679396984924,5.907259441654318e+49,3.286821168645877e+57,1.4048264864715618e+64,1.3286937613209556e+68,4.996132268064957e+68,5.224616101171628e+71,0.91952,0.49992,0.05059,0.00014,4e-05,1e-05,1.6723764883081428e+47,8.24035383457343e+56,4.060295740444392e+66,2.0006424275984125e+76,5.30056819605486e+78,1.4043500634321232e+81,353.22545389467825,3.988689362895571,0.0034599117312518867,6.641335517991241e-09,9.425654162479241e-11,3.720308943770807e-10
0.0014572935175879397,6.354881560461494e+49,3.167980737062691e+57,1.2820046562991751e+64,1.2182855877301554e+69,8.620770363594794e+68,0.0,0.91629,0.49141,0.04763,0.0002,2e-05,0.0,1.854826901606266e+47,8.82691657517293e+56,4.20063220765179e+66,1.9990345205699263e+76,5.250452125086185e+78,1.3790280875170973e+81,342.61318697492555,3.589000428499718,0.0030519326447192886,6.094369933055589e-08,1.6419100980667045e-10,0.0
0.0014824190954773869,7.124596866811015e+49,3.779065432800206e+57,1.4155662170401833e+64,1.780458535461935e+68,6.02658776988399e+68,0.0,0.91071,0.48011,0.04466,0.00012,1e-05,0.0,2.053515620257792e+47,9.443994195679921e+56,4.343235838490459e+66,1.997427905808854e+76,5.201583065556936e+78,1.3545653542340113e+81,346.9463195958848,4.001554167122327,0.0032592432685676575,8.91375618756534e-09,1.1586064653643514e-10,0.0
0.001507544673366834,7.45573005046435e+49,3.271893919911344e+57,1.1663332817263864e+64,1.6818692504470243e+68,7.358502991894616e+69,2.976642047011843e+71,0.90715,0.46911,0.04218,0.0001,2e-05,2e-05,2.2695720236228846e+47,1.0092605325191132e+57,4.4881008925849214e+66,1.9958225822766043e+76,5.153909193885456e+78,1.3309189010436618e+81,328.5081933008179,3.241872454622495,0.0025987234013686283,8.426947692557631e-09,1.4277517734741364e-09,2.2365315006629335e-10
0.0015326702512562815,8.636851818474815e+49,3.4274206367246714e+57,9.464800926866539e+63,8.17114603210595e+67,9.017329960029128e+68,0.0,0.90381,0.46072,0.03963,0.00012,2e-05,0.0,2.5041827120027203e+47,1.0773783873143077e+57,4.6352216389341375e+66,1.9942185489354255e+76,5.107381664159226e+78,1.3080485826047007e+81,344.8970307588895,3.181259877756186,0.002041930605295275,4.097417525510409e-09,1.7655484851088676e-10,0.0
0.0015577958291457287,9.120531812334741e+49,3.872882168005098e+57,1.2568921888541493e+64,1.0051433845849197e+68,0.0,1.8080670912366905e+69,0.90193,0.44957,0.03743,9e-05,0.0,1e-05,2.758593349845e+47,1.148857896116909e+57,4.784592355898816e+66,1.9926158047483918e+76,5.061954391451074e+78,1.2859168435817098e+81,330.6225548918693,3.371071549488649,0.0026269577329917256,5.044341122807863e-09,0.0,1.4060528876817704e-12
0.001582921407035176,9.842177873761722e+49,3.7615309716740575e+57,9.578068424031434e+63,4.230831132257471e+67,3.590654718151855e+66,0.0,0.89646,0.43788,0.03621,0.0001,1e-05,0.0,3.0341105344335124e+47,1.2238054855126245e+57,4.936207331188811e+66,1.9910143486794176e+76,5.017583854110908e+78,1.2644885130904801e+81,324.38428864290927,3.073634671688399,0.0019403699604580225,2.1249626528626774e-09,7.156142921677394e-13,0.0
0.001608046984924623,1.0630134405237595e+50,4.002964184380476e+57,1.0927945055157073e+64,3.757633008758966e+67,0.0,0.0,0.89231,0.42814,0.03454,7e-05,0.0,0.0,3.3321036898922293e+47,1.302329089729168e+57,5.090060861850489e+66,1.9894141796932536e+76,4.974228913099306e+78,1.24373061841392e+81,319.0217170457084,3.07369636134975,0.0021469183476883267,1.8888138262583173e-09,0.0,0.0
0.0016331725628140703,1.1094393041454202e+50,4.049690264633239e+57,1.0638434885073518e+64,4.6011498756054e+68,2.9770071129670275e+69,0.0,0.88929,0.42205,0.03159,9e-05,3e-05,0.0,3.6540069863351134e+47,1.384538143872792e+57,5.246147254254076e+66,1.9878152967554676e+76,4.931850646653149e+78,1.2236122159132985e+81,303.6226554285171,2.9249394699271747,0.0020278567050223116,2.3146767625319338e-08,6.036288051397669e-10,0.0
0.0016582981407035175,1.2132365630531037e+50,4.2515890902131484e+57,9.164305070330182e+63,8.566849903930248e+66,2.3773842099923872e+67,0.0,0.88394,0.41302,0.03006,5e-05,1e-05,0.0,4.001321283993439e+47,1.4705435771817419e+57,5.4044608240811786e+66,1.9862176988324927e+76,4.890412198768727e+78,1.2041042373111453e+81,303.20898446881455,2.891168378948149,0.0016956927561572659,4.3131475008836543e-10,4.861316619877049e-12,0.0
0.0016834237185929647,1.2869023105602309e+50,4.217434643652965e+57,8.119807451986205e+63,5.958300099452982e+67,0.0,0.0,0.88093,0.40576,0.02969,8e-05,0.0,0.0,4.375616102152633e+47,1.560457806296471e+57,5.5649958963119644e+66,1.9846213848915283e+76,4.849878640157113e+78,1.1851793497396879e+81,294.1076823277812,2.7026905992815387,0.001459085972977512,3.0022351592158416e-09,0.0,0.0
0.0017085492964824122,1.3547836588692526e+50,4.3087338500355925e+57,8.852251257223325e+63,2.915955430242782e+67,0.0,0.0,0.87562,0.39546,0.02664,6e-05,0.0,0.0,4.778531612732028e+47,1.6543947285468106e+57,5.727746805212905e+66,1.9830263539006664e+76,4.81021684047685e+78,1.16681182813802e+81,283.5146376890207,2.604417056998425,0.0015455032420718673,1.470457225395426e-09,0.0,0.0
0.0017336748743718594,1.5160124812965328e+50,4.422775782101557e+57,7.085100940572942e+63,9.048039227299667e+67,0.0,0.0,0.87209,0.38779,0.02575,7e-05,0.0,0.0,5.211780658340293e+47,1.752469715255792e+57,5.892707894324036e+66,1.9814326048288063e+76,4.7713953507773836e+78,1.1489774387449828e+81,290.88186565766017,2.523738780533508,0.0012023506115749333,4.566412809221643e-09,0.0,0.0
0.0017588004522613066,1.6310808516230556e+50,4.4136048643093894e+57,9.750504917178354e+63,1.5844221354838016e+68,0.0,0.0,0.86799,0.37898,0.02429,5e-05,0.0,0.0,5.677150794641044e+47,1.854799605060297e+57,6.059873516446477e+66,1.9798401366456846e+76,4.73338429520307e+78,1.1316533325783714e+81,287.30624051112346,2.379558876478146,0.001609027794180112,8.002778134239594e-09,0.0,0.0
0.0017839260301507538,1.7097040585906078e+50,4.6049406904461785e+57,7.983571646661277e+63,2.411542570964104e+67,0.0,7.434730598623987e+68,0.86089,0.37351,0.02243,5e-05,0.0,1e-05,6.176506356862858e+47,1.961502697248376e+57,6.229238033629832e+66,1.9782489483218367e+76,4.696155271107182e+78,1.1148179479158192e+81,276.8076255099967,2.347659626930952,0.00128162892532928,1.2190288654063654e-09,0.0,6.669008704536384e-13
0.001809051608040201,1.8251559645143918e+50,4.938916984543194e+57,9.551000429071263e+63,5.522724532467126e+67,0.0,0.0,0.85863,0.36494,0.02148,6e-05,0.0,0.0,6.7117905502891654e+47,2.0726987451133303e+57,6.400795817159824e+66,1.976659038828654e+76,4.659681256814835e+78,1.098450920902279e+81,271.9327951072249,2.3828436217213733,0.001492158272486382,2.7939692298879374e-09,0.0,0.0
0.0018341771859296482,1.9620270360696584e+50,4.875560989171988e+57,8.032600893899803e+63,4.5423629910936127e+67,0.0,0.0,0.8522,0.353,0.02165,1e-05,0.0,0.0,7.285027564563313e+47,2.188508949324387e+57,6.574541247545759e+66,1.9750704071383572e+76,4.62393652635158e+78,1.0825330035047478e+81,269.32321376703925,2.2278003435522247,0.0012217735947581635,2.2998486406745156e-09,0.0,0.0
0.0018593027638190954,2.1322667197424998e+50,4.967309844635998e+57,8.330846248231984e+63,3.483279435764468e+67,0.0,0.0,0.84859,0.34373,0.0188,4e-05,0.0,0.0,7.898324711645162e+47,2.3090559513139905e+57,6.750468714507937e+66,1.9734830522239638e+76,4.588896570524295e+78,1.067045988119275e+81,269.96442886156865,2.151229744696876,0.0012341137483279552,1.765041474178904e-09,0.0,0.0
0.0018844283417085428,2.2515318559448103e+50,5.406414524030624e+57,6.54574684449718e+63,0.0,0.0,0.0,0.84142,0.33861,0.01794,0.0,0.0,0.0,8.553874587256306e+47,2.4344638266817578e+57,6.928572616965356e+66,1.97189697305934e+76,4.554538023802635e+78,1.0519726382094185e+81,263.2177772747776,2.2207824428427503,0.0009447468052033133,0.0,0.0,0.0
0.00190955391959799,2.5079704998688845e+50,5.529101663811942e+57,6.334890402057342e+63,4.521772675309291e+64,0.0,0.0,0.84075,0.33281,0.01716,1e-05,0.0,0.0,9.25395725565088e+47,2.564858078614949e+57,7.108847363023255e+66,1.9703121686191907e+76,4.520838596503346e+78,1.0372966244205573e+81,271.01600219056616,2.155714466196787,0.0008911276439846411,2.294952417858832e-12,0.0,0.0
0.0019346794974874372,2.56738675353781e+50,5.3876210260405185e+57,6.4629139892941375e+63,7.594709638605989e+66,0.0,0.0,0.83497,0.32372,0.01662,2e-05,0.0,0.0,1.0000942457549845e+48,2.7003656313254113e+57,7.291287369960497e+66,1.9687286378790013e+76,4.487777011828679e+78,1.0230024656722529e+81,256.71448110369397,1.9951450142683569,0.000886388597975278,3.857672150687109e-10,0.0,0.0
0.001959805075376884,2.700574936483806e+50,5.4546904018395244e+57,9.071410952273666e+63,0.0,0.0,0.0,0.82915,0.31503,0.01494,0.0,0.0,0.0,1.0797291841077813e+48,2.8411148235031526e+57,7.475887064217381e+66,1.9671463798151123e+76,4.45533294735383e+78,1.0090754747820151e+81,250.11595279934824,1.9199119855049644,0.0012134226847397291,0.0,0.0,0.0
0.001984930653266332,2.8881594659644714e+50,5.277665106571259e+57,3.2972534838668613e+64,1.0980685010273486e+67,0.0,0.0,0.82618,0.30723,0.01414,1e-05,0.0,0.0,1.1645561215540766e+48,2.987235401786291e+57,7.66264088138318e+66,1.965565393404687e+76,4.423486980595953e+78,9.955017082188335e+80,248.00517660843008,1.7667389397619448,0.00430302494258569,5.586527442494859e-10,0.0,0.0
0.002010056231155779,3.0375954549461555e+50,5.727698186117476e+57,6.53875628937058e+63,2.7659768634933606e+65,0.0,0.0,0.81933,0.2981,0.01382,1e-05,0.0,0.0,1.254840282788428e+48,3.1388585142474106e+57,7.851543266183645e+66,1.9639856776256923e+76,4.392220538332569e+78,9.82267919625183e+80,242.07028548654813,1.8247710625118059,0.0008327988610255518,1.4083487955152576e-11,0.0,0.0
0.0020351818090452263,3.264618873139718e+50,5.7364281335498825e+57,7.990504985213363e+63,7.888414099410144e+67,0.0,0.0,0.81384,0.29106,0.01354,4e-05,0.0,0.0,1.3508567661673143e+48,3.296116703896432e+57,8.042588672468806e+66,1.9624072314569343e+76,4.361515849367928e+78,9.693615167818493e+80,241.6702462395165,1.7403595348334266,0.0009935240145459963,4.019764080034302e-09,0.0,0.0
0.0020603073869346735,3.390370371693636e+50,5.607809652616674e+57,5.093002226252702e+63,0.0,0.0,0.0,0.80915,0.28664,0.01262,0.0,0.0,0.0,1.452890775843204e+48,3.459143902199764e+57,8.235771563200528e+66,1.9608300538780373e+76,4.3313559004731395e+78,9.567705217216333e+80,233.35342395067454,1.6211553526439053,0.0006184001325400404,0.0,0.0,0.0
0.0020854329648241207,3.775826123517341e+50,6.236979388574988e+57,4.902608036858043e+63,8.798648147279469e+67,0.0,0.0,0.80563,0.28107,0.01207,2e-05,0.0,0.0,1.5612378561189066e+48,3.628075422615803e+57,8.431086410440163e+66,1.9592541438694383e+76,4.301724395251143e+78,9.444835337263902e+80,241.84823015396879,1.7190875773134267,0.0005814918503014243,4.4908151271802526e-09,0.0,0.0
0.002110558542713568,3.8666825322393464e+50,6.316949583327534e+57,4.728656554692617e+63,4.451639523370563e+66,0.0,0.0,0.79944,0.27493,0.01095,1e-05,0.0,0.0,1.6762041280063767e+48,3.80304795414676e+57,8.628527695336187e+66,1.957679500412381e+76,4.272605715699658e+78,9.32489694967127e+80,230.6808859156226,1.6610228583732873,0.0005480258882692707,2.273936833088784e-10,0.0,0.0
0.002135684120603015,3.925819948070932e+50,6.129727819188602e+57,7.060918184936836e+63,4.018472308073455e+67,6.277252201764264e+68,0.0,0.79507,0.26799,0.00999,1e-05,1e-05,0.0,1.7981065279742432e+48,3.9841995549068495e+57,8.828089908112117e+66,1.9561061224889658e+76,4.243984886265524e+78,9.207786585695217e+80,218.33077668061094,1.538509237480178,0.0007998240002572436,2.054322238386697e-09,1.479093910555347e-10,0.0
0.0021608096984924623,4.311512268531538e+50,6.526892658671261e+57,4.059066934734387e+63,1.4063597908853823e+67,0.0,0.0,0.78998,0.26097,0.00987,1e-05,0.0,0.0,1.9272730488682148e+48,4.1716696457065206e+57,9.029767548053929e+66,1.9545340090820807e+76,4.215847540201303e+78,9.093405589073575e+80,223.7105049055431,1.5645756287027028,0.00044952064525838055,7.195371297457543e-10,0.0,0.0
0.0021859352763819095,4.521493871564834e+50,6.35270977750076e+57,4.540031845793575e+63,5.6978928492965604e+66,0.0,0.0,0.78633,0.25414,0.00932,2e-05,0.0,0.0,2.0640429829888856e+48,4.365599003653112e+57,9.233555123497964e+66,1.952963159175443e+76,4.188179888052366e+78,8.981659839447365e+80,219.06006361443983,1.4551748275975056,0.0004916883892575569,2.9175628954015996e-10,0.0,0.0
0.0022110608542713567,4.867323629925775e+50,6.2687387555678684e+57,3.800218639988806e+63,1.2632846575853807e+65,0.0,0.0,0.77839,0.24884,0.00892,1e-05,0.0,0.0,2.2087671673111883e+48,4.5661297557675675e+57,9.439447151818578e+66,1.9513935717535825e+76,4.160968688116348e+78,8.872459494640071e+80,220.36381661046434,1.3728779274504195,0.00040258911129733546,6.47375637529724e-12,0.0,0.0
0.002236186432160804,4.940819440453726e+50,6.639135021896146e+57,5.141028140007841e+63,0.0,0.0,0.0,0.7752,0.24183,0.00832,0.0,0.0,0.0,2.361808230830014e+48,4.773405372617334e+57,9.647438159415894e+66,1.9498252458018358e+76,4.134201218730851e+78,8.765718750311381e+80,209.1964697200401,1.3908592511295144,0.0005328904995353819,0.0,0.0,0.0
0.002261312010050251,5.245714955560938e+50,6.34586724034573e+57,1.3157341556282412e+64,0.0,0.0,0.0,0.76853,0.23905,0.00776,0.0,0.0,0.0,2.523540844016524e+48,4.987570661965469e+57,9.857522681703734e+66,1.9482581803063852e+76,4.107865252257165e+78,8.661355615634123e+80,207.8712127049127,1.2723363076815022,0.0013347513347043449,0.0,0.0,0.0
0.0022864375879396983,5.374910241089317e+50,7.207057791678783e+57,1.0048566179283325e+64,0.0,0.0,0.0,0.7649,0.22939,0.00764,0.0,0.0,0.0,2.6943519703695776e+48,5.208771762435647e+57,1.0069695263097128e+67,1.9466923742541987e+76,4.081949030638325e+78,8.559291703761205e+80,199.4880513087551,1.3836386235339149,0.0009979017156664873,0.0,0.0,0.0
0.0023115631658291455,5.841332414523563e+50,6.08996047596695e+57,5.298210855341357e+63,6.140235415104199e+65,0.0,0.0,0.75546,0.22659,0.00698,1e-05,0.0,0.0,2.8746411200470532e+48,5.437156137193363e+57,1.0283950457000198e+67,1.945127826633047e+76,4.0564412424204615e+78,8.459452035958082e+80,203.20214491428237,1.1200635630652611,0.0005151921800376732,3.156725913346655e-11,0.0,0.0
0.002336688743718593,6.287735325910793e+50,8.535680784276698e+57,4.8504990818302335e+63,5.862844957402965e+67,0.0,0.0,0.75253,0.22117,0.00646,1e-05,0.0,0.0,3.0648206055617016e+48,5.672872567643301e+57,1.050028282579426e+67,1.9435645364315636e+76,4.031331001134907e+78,8.361764858371923e+80,205.15834807755135,1.5046487793436725,0.00046193985079286023,3.016542464891495e-09,0.0,0.0
0.0023618143216080404,6.294067829062154e+50,6.945068889337539e+57,2.705054430241316e+63,0.0,0.0,0.0,0.74843,0.21558,0.00638,0.0,0.0,0.0,3.2653157995260186e+48,5.9160711471423086e+57,1.0718686940825192e+67,1.942002502639154e+76,4.006607824946433e+78,8.266161470495693e+80,192.7552560146182,1.1739326178814256,0.00025236807877449435,0.0,0.0,0.0
0.0023869398994974876,6.4225061528060305e+50,7.275272475675958e+57,4.764983071183225e+63,0.0,0.0,0.0,0.74041,0.20929,0.00589,0.0,0.0,0.0,3.476565394431272e+48,6.1669032747287306e+57,1.093915738239158e+67,1.940441724246048e+76,3.982261617481409e+78,8.172576064466644e+80,184.7371018273822,1.179728650113453,0.0004355895892725037,0.0,0.0,0.0
0.002412065477386935,6.834764638032408e+50,6.532890269219061e+57,4.102189283778476e+63,0.0,0.0,0.0,0.73801,0.20178,0.00594,0.0,0.0,0.0,3.6990216644452255e+48,6.425521648867493e+57,1.1161688739732493e+67,1.9388822002432924e+76,3.958282649755465e+78,8.080945574408342e+80,184.77222514611785,1.0167097126457416,0.0003675240709029834,0.0,0.0,0.0
0.002437191055276382,7.2898253907085965e+50,7.511683591099151e+57,3.238368535958455e+63,0.0,0.0,0.0,0.73075,0.19816,0.00536,0.0,0.0,0.0,3.933150729213522e+48,6.692080261211076e+57,1.1386275611015281e+67,1.937323929622729e+76,3.934661543126981e+78,7.991209535091661e+80,185.34314834576094,1.1224736252251328,0.0002844098146390907,0.0,0.0,0.0
0.002462316633165829,7.543922646448392e+50,7.523722826839187e+57,2.937889293160676e+63,0.0,0.0,0.0,0.72541,0.19539,0.00546,0.0,0.0,0.0,4.179432819649723e+48,6.9667343903765e+57,1.161291260332362e+67,1.9357669113770303e+76,3.911389253208354e+78,7.903309949249366e+80,180.5011103655124,1.0799497160724374,0.00025298470706822086,0.0,0.0,0.0
0.0024874422110552764,7.97942940970357e+50,7.365306409617603e+57,2.2151929856748372e+63,0.0,0.0,0.0,0.71936,0.18894,0.00495,0.0,0.0,0.0,4.438362545698852e+48,7.249640595738013e+57,1.1841594332645278e+67,1.9342111444996686e+76,3.888457054671865e+78,7.817191162931995e+80,179.78318191776182,1.0159546962848873,0.0001870688121419532,0.0,0.0,0.0
0.0025125677889447236,8.587816062665037e+50,7.648746825987738e+57,2.436859376335297e+63,0.0,0.0,0.0,0.71612,0.18379,0.00463,0.0,0.0,0.0,4.710449166059562e+48,7.540956711235605e+57,1.2072315423860005e+67,1.9326566279849142e+76,3.8658565268920616e+78,7.732799748342364e+80,182.3141649535943,1.0142939575016432,0.00020185517779953226,0.0,0.0,0.0
0.002537693366834171,8.424817169262375e+50,7.442599798061539e+57,6.5592319357656455e+63,0.0,0.0,0.0,0.70889,0.17898,0.0044,0.0,0.0,0.0,4.996216859850068e+48,7.840841839199491e+57,1.230507051072764e+67,1.9311033608278674e+76,3.843579540370786e+78,7.65008439363062e+80,168.6239289764375,0.9492092750618968,0.0005330511458709045,0.0,0.0,0.0
0.002562818944723618,9.007728596178176e+50,7.36463413580651e+57,4.3534806897346485e+63,0.0,0.0,0.0,0.70516,0.17368,0.00409,0.0,0.0,0.0,5.2962050002028005e+48,8.149456344190093e+57,1.2539854235875885e+67,1.929551342024424e+76,3.821618243894693e+78,7.568995799171582e+80,170.07892624687403,0.9036963724650052,0.0003471715546166049,0.0,0.0,0.0
0.0025879445226130652,9.055365511141217e+50,7.522283143956767e+57,2.867521524928863e+63,0.0,0.0,0.0,0.69589,0.17139,0.00408,0.0,0.0,0.0,5.61096842977315e+48,8.466961846853878e+57,1.2776661250788322e+67,1.928000570571286e+76,3.799965052379171e+78,7.489486579884356e+80,161.3868554863233,0.8884276650841256,0.0002244343391942035,0.0,0.0,0.0
0.0026130701005025125,9.754195248104248e+50,8.450213689303771e+57,2.0815553553493264e+63,2.296813819528531e+68,0.0,0.0,0.69177,0.16519,0.0034,1e-05,0.0,0.0,5.94107773814745e+48,8.79352121779489e+57,1.3015486215792353e+67,1.9264510454659603e+76,3.7786126353556365e+78,7.411511173187272e+80,164.18225241310859,0.9609590379111853,0.0001599291275667957,1.1922513291652264e-08,0.0,0.0
0.0026381956783919597,1.0118490267167886e+51,8.137981035336696e+57,3.105160045991891e+63,0.0,0.0,0.0,0.68627,0.16246,0.00346,0.0,0.0,0.0,6.287119541135568e+48,9.129298571461989e+57,1.3256323800047303e+67,1.924902765706771e+76,3.7575539060623495e+78,7.335025752212599e+80,160.9400012352923,0.8914136142699799,0.0002342399063894932,0.0,0.0,0.0
0.002663321256281407,1.1263043006838926e+51,7.44528744855901e+57,1.9520993871776427e+63,0.0,0.0,0.0,0.68116,0.15769,0.00356,0.0,0.0,0.0,6.649696761933273e+48,9.474459260051505e+57,1.34991686815322e+67,1.923355730292825e+76,3.736782011101572e+78,7.259988143933416e+80,169.3767913044566,0.785827163767712,0.0001446088594957888,0.0,0.0,0.0
0.0026884468341708545,1.059380781942524e+51,8.156954592836563e+57,2.3337559196989953e+63,0.0,0.0,0.0,0.67416,0.15426,0.00324,0.0,0.0,0.0,7.029428914140156e+48,9.829169867425935e+57,1.3744015547034192e+67,1.921809938224073e+76,3.716290320628913e+78,7.186357751881848e+80,150.70652180741317,0.8298721766798306,0.0001698016065037553,0.0,0.0,0.0
0.0027135724120603017,1.1631943302798073e+51,7.889629908664918e+57,1.719328697348372e+63,1.8716948135013858e+67,0.0,0.0,0.67205,0.15051,0.00314,1e-05,0.0,0.0,7.42695238661786e+48,1.0193598203047501e+58,1.3990859092135948e+67,1.9202653885012167e+76,3.6960724190423076e+78,7.114095483160137e+80,156.61798672301862,0.7739788984723978,0.00012288942987888292,9.747063216935131e-10,0.0,0.0
0.002738697989949749,1.1926478948710611e+51,7.728624055787177e+57,2.0899820951736615e+63,0.0,0.0,0.0,0.66645,0.14758,0.0029,0.0,0.0,0.0,7.842920730175146e+48,1.0567913295928153e+58,1.4239694021204395e+67,1.918722080125805e+76,3.6761220961414654e+78,7.043163679470165e+80,152.06680468953653,0.731329245364365,0.0001467715592808005,0.0,0.0,0.0
0.002763823567839196,1.2228742826758815e+51,6.973089221193546e+57,1.5700511102692697e+63,0.0,0.0,0.0,0.65973,0.14122,0.00257,0.0,0.0,0.0,8.278004946064235e+48,1.0952285388594274e+58,1.4490515047378283e+67,1.917180012100167e+76,3.6564333387292593e+78,6.973526051904341e+80,147.7257250561677,0.6366789189455684,0.00010835026257768066,0.0,0.0,0.0
0.0027889491457286433,1.2537922460536806e+51,8.392301914265672e+57,1.559526649612374e+63,0.0,0.0,0.0,0.6536,0.13778,0.00251,0.0,0.0,0.0,8.732893776274824e+48,1.1346885931067328e+58,1.474331689255645e+67,1.9156391834274324e+76,3.637000322629665e+78,6.905147619261661e+80,143.57122371738143,0.7396127858558865,0.00010577854772963213,0.0,0.0,0.0
0.0028140747236180905,1.2762111064658973e+51,7.22756735365434e+57,4.071995709594229e+63,0.0,0.0,0.0,0.64653,0.13351,0.0024,0.0,0.0,0.0,9.208293995611219e+48,1.175188757485996e+58,1.4998094287386056e+67,1.914099593111558e+76,3.617817405097858e+78,6.837994649668245e+80,138.59365340356797,0.6150133165939912,0.0002715008741489861,0.0,0.0,0.0
0.0028392003015075377,1.313655912519534e+51,8.401907409571156e+57,9.145551210543611e+62,0.0,0.0,0.0,0.64485,0.13162,0.00232,0.0,0.0,0.0,9.704930705537886e+48,1.2167464166987092e+58,1.5254841971250275e+67,1.9125612401572646e+76,3.5988791175997257e+78,6.772034605297335e+80,135.35963855671096,0.6905224699463106,5.995179253760601e-05,0.0,0.0,0.0
0.002864325879396985,1.4437589817998407e+51,8.059901611575187e+57,1.7149879829661777e+63,0.0,0.0,0.0,0.63802,0.12877,0.00186,0.0,0.0,0.0,1.022354762977994e+49,1.2593790743992993e+58,1.5513554692256812e+67,1.9110241235700912e+76,3.5801801589401067e+78,6.707236089999198e+80,141.21898132448152,0.6399901169883748,0.0001105477124351242,0.0,0.0,0.0
0.002889451457286432,1.3958620251919676e+51,7.207697447532625e+57,1.1132723497406459e+63,0.0,0.0,0.0,0.62862,0.12704,0.00195,0.0,0.0,0.0,1.0764907411663766e+49,1.3031043525993418e+58,1.5774227207225955e+67,1.9094882423563875e+76,3.56171538871967e+78,6.643568799663138e+80,129.66781522705458,0.5531174409137083,7.057539714089266e-05,0.0,0.0,0.0
0.0029145770351758794,1.450399836765647e+51,8.301178939714382e+57,2.0150134819793848e+63,0.0,0.0,0.0,0.63029,0.12457,0.00202,0.0,0.0,0.0,1.132979191318367e+49,1.3479399910732903e+58,1.6036854281678522e+67,1.9079535955232837e+76,3.5434798211020945e+78,6.581003475146887e+80,128.01645854394908,0.6158418768408682,0.0001256489238217659,0.0,0.0,0.0
0.0029397026130653266,1.5504057939355027e+51,8.734263261806425e+57,1.1286869102155133e+63,0.0,0.0,0.0,0.61963,0.11829,0.00179,0.0,0.0,0.0,1.191900251578088e+49,1.3939038467657738e+58,1.630143068982419e+67,1.9064201820787094e+76,3.5254686188744296e+78,6.519511857620079e+80,130.07848533321052,0.6266044305762001,6.923851848905944e-05,0.0,0.0,0.0
0.0029648281909547738,1.6093647662002666e+51,9.064925079682896e+57,1.2772736833762191e+63,0.0,0.0,0.0,0.61692,0.1154,0.0018,0.0,0.0,0.0,1.2533360422820485e+49,1.4410138932004017e+58,1.6567951214549708e+67,1.9048880010314028e+76,3.5076770877843338e+78,6.459066646178297e+80,128.40648572349107,0.6290657656013479,7.709303744536246e-05,0.0,0.0,0.0
0.002989953768844221,1.657169520545135e+51,7.462577120562834e+57,9.111981005440159e+62,0.0,0.0,0.0,0.61108,0.10973,0.00168,0.0,0.0,0.0,1.317370696375234e+49,1.48928821989009e+58,1.6836410647406968e+67,1.90335705139089e+76,3.4901006711390652e+78,6.399641457594179e+80,125.79371357696529,0.5010834720168253,5.412068638776951e-05,0.0,0.0,0.0
0.003015079346733668,1.6864016140588217e+51,8.947650343968453e+57,2.0235357333694854e+63,0.0,0.0,0.0,0.60595,0.10912,0.00146,0.0,0.0,0.0,1.3840903899942173e+49,1.5387450317489136e+58,1.7106803788601248e+67,1.9018273321674925e+76,3.472734944652098e+78,6.341210788080998e+80,121.8418700288691,0.5814901208030997,0.00011828835815126524,0.0,0.0,0.0
0.003040204924623116,1.7564564592153996e+51,8.320819137660136e+57,1.7882350664536494e+63,0.0,0.0,0.0,0.59889,0.1047,0.00168,0.0,0.0,0.0,1.4535833732158862e+49,1.5894026485054803e+58,1.7379125446979392e+67,1.900298842372322e+76,3.4555756115240026e+78,6.283749976952257e+80,120.83630643968095,0.5235186405083838,0.0001028955727323124,0.0,0.0,0.0
0.003065330502512563,1.8105883492385173e+51,7.954909745813064e+57,9.469538546648386e+62,0.0,0.0,0.0,0.59087,0.10475,0.00143,0.0,0.0,0.0,1.5259400009704262e+49,1.6412795041178362e+58,1.7653370440018357e+67,1.898771581017315e+76,3.438618497745189e+78,6.227235172068628e+80,118.65396726523115,0.4846773341076182,5.364153309320427e-05,0.0,0.0,0.0
0.0030904560804020102,1.9208112355882644e+51,7.34400465877974e+57,7.753213661304529e+62,0.0,0.0,0.0,0.58991,0.10082,0.00119,0.0,0.0,0.0,1.601252764117107e+49,1.694394146189821e+58,1.792953359381283e+67,1.897245547115158e+76,3.4218595476085106e+78,6.171643296970041e+80,119.95677875674765,0.43342953440285314,4.3242695749654236e-05,0.0,0.0,0.0
0.0031155816582914574,1.8702940912703036e+51,8.152416023564113e+57,4.646721390992128e+62,0.0,0.0,0.0,0.58221,0.09951,0.00111,0.0,0.0,0.0,1.6796163206816342e+49,1.7487652353890317e+58,1.8207609743064194e+67,1.8957207396793694e+76,3.4052948194211866e+78,6.116952019598653e+80,111.35245997796015,0.4661812722821266,2.5520765529161227e-05,0.0,0.0,0.0
0.0031407072361809047,1.935027980369004e+51,8.269288058479278e+57,1.282146748223698e+63,0.0,0.0,0.0,0.576,0.09692,0.00118,0.0,0.0,0.0,1.761127527253521e+49,1.804411544866187e+58,1.8487593731068176e+67,1.894197157724227e+76,3.3889204814051376e+78,6.063139722522633e+80,109.8743816347406,0.45828170862720335,6.935173754219112e-05,0.0,0.0,0.0
0.003165832814070352,2.018557684287121e+51,8.107055834115963e+57,6.4767726266770585e+62,0.0,0.0,0.0,0.57298,0.09335,0.00104,0.0,0.0,0.0,1.8458854705423052e+49,1.8613519596760978e+58,1.87694804097037e+67,1.8926748002648307e+76,3.3727328077765075e+78,6.010185474578267e+80,109.35443810032733,0.4355466354426977,3.4506936182040545e-05,0.0,0.0,0.0
0.003190958391959799,2.068363671819278e+51,7.608156172056248e+57,9.17441840791397e+62,0.0,0.0,0.0,0.56681,0.09166,0.00096,0.0,0.0,0.0,1.9339914990910683e+49,1.9196054762000513e+58,1.9053264639420788e+67,1.891153666317057e+76,3.3567281749947713e+78,5.958069003851473e+80,106.94791951212616,0.39633957427111266,4.815142486885056e-05,0.0,0.0,0.0
0.0032160839698492463,2.235662340752233e+51,8.698411263747881e+57,1.2493443349123728e+63,0.0,0.0,0.0,0.56081,0.08898,0.00108,0.0,0.0,0.0,2.025549255146056e+49,1.9791912015697597e+58,1.933894128922919e+67,1.889633754897589e+76,3.3409030581731285e+78,5.90677067192604e+80,110.37314126390012,0.4394932261647532,6.460251966368988e-05,0.0,0.0,0.0
0.0032412095477386935,2.270851769772271e+51,7.502261075743627e+57,6.032639708470945e+62,0.0,0.0,0.0,0.55627,0.08599,0.00096,0.0,0.0,0.0,2.1206647066808893e+49,2.040128353092708e+58,1.9626505236686006e+67,1.8881150650238465e+76,3.3252540276417496e+78,5.856271449329294e+80,107.08207490878856,0.3677347586670547,3.073720785091526e-05,0.0,0.0,0.0
0.0032663351256281407,2.2884906427672307e+51,7.812437045518496e+57,8.150627477981606e+62,0.0,0.0,0.0,0.54868,0.08353,0.00102,0.0,0.0,0.0,2.2194461795742906e+49,2.1024362576791812e+58,1.9915951367885292e+67,1.886597595714113e+76,3.3097777456567535e+78,5.806552892111665e+80,103.11088702345481,0.37158972201813245,4.0925122417825285e-05,0.0,0.0,0.0
0.003291460703517588,2.4284224233102727e+51,9.155859401955119e+57,8.267936867332452e+62,0.0,0.0,0.0,0.54418,0.08191,0.00078,0.0,0.0,0.0,2.322004389939595e+49,2.1661343512705452e+58,2.0207274577445256e+67,1.8850813459874143e+76,3.294470963246889e+78,5.757597119498178e+80,104.58302464163069,0.4226819724540518,4.091564567821962e-05,0.0,0.0,0.0
0.003316586281407035,2.3671743217679304e+51,8.30110112987772e+57,7.688324942708174e+62,0.0,0.0,0.0,0.53828,0.08047,0.00081,0.0,0.0,0.0,2.4284524766050775e+49,2.2312421782691968e+58,2.050046976849727e+67,1.883566314863583e+76,3.2793305171919056e+78,5.709386792556326e+80,97.47665826580997,0.37203945007515904,3.75031647056337e-05,0.0,0.0,0.0
0.0033417118592964823,2.529632988812095e+51,8.091490393058665e+57,9.497326543007344e+62,0.0,0.0,0.0,0.53291,0.07765,0.00085,0.0,0.0,0.0,2.5389060337435366e+49,2.2977793909698928e+58,2.0795531852673915e+67,1.8820525013632246e+76,3.264353327125675e+78,5.661905093826029e+80,99.6347621846497,0.3521439188138617,4.567003436262759e-05,0.0,0.0,0.0
0.0033668374371859295,2.5467406309658734e+51,7.442969258322928e+57,8.621685278066867e+62,0.0,0.0,0.0,0.52987,0.07637,0.00094,0.0,0.0,0.0,2.653483143649947e+49,2.3657657489926356e+58,2.1092455750097784e+67,1.8805399045077553e+76,3.249536392758303e+78,5.615135707861867e+80,95.97726810741123,0.31461142175603024,4.087568266216179e-05,0.0,0.0,0.0
0.0033919630150753767,2.6182226783728183e+51,7.527088847955042e+57,4.050877176683078e+62,0.0,0.0,0.0,0.51924,0.07374,0.00064,0.0,0.0,0.0,2.7723044096656993e+49,2.4352211187169405e+58,2.1391236389369288e+67,1.8790285233193427e+76,3.23487679121122e+78,5.569062802639828e+80,94.44210633018251,0.30909262366782053,1.8937087613580977e-05,0.0,0.0,0.0
0.0034170885929648244,2.7276419667584034e+51,7.746904475898643e+57,5.737267028789808e+62,0.0,0.0,0.0,0.517,0.07058,0.00073,0.0,0.0,0.0,2.8954929892483593e+49,2.5061654727177147e+58,2.169186870755593e+67,1.8775183568209808e+76,3.220371674460225e+78,5.523671011784732e+80,94.20302438606393,0.3091138458426614,2.6448929348310806e-05,0.0,0.0,0.0
0.0034422141708542716,2.757648088950308e+51,8.765595325755236e+57,2.1718370216672558e+63,0.0,0.0,0.0,0.51118,0.06917,0.00075,0.0,0.0,0.0,3.023174627185302e+49,2.5786188892024404e+58,2.1994347650179817e+67,1.876009404036412e+76,3.2060182668808946e+78,5.478945417575571e+80,91.21696325950546,0.33993372818526163,9.874523473986735e-05,0.0,0.0,0.0
0.0034673397487437188,2.8279032851793353e+51,7.210910887197933e+57,3.9859424738211565e+62,0.0,0.0,0.0,0.50594,0.06573,0.00054,0.0,0.0,0.0,3.155477688950295e+49,2.652601551450009e+58,2.229866817120706e+67,1.8745016639902005e+76,3.1918138628920286e+78,5.434871534690186e+80,89.61886484198432,0.27184297178956957,1.7875249065179445e-05,0.0,0.0,0.0
0.003492465326633166,2.86182879274082e+51,6.730280669555877e+57,2.9865289212458365e+62,0.0,0.0,0.0,0.5001,0.06592,0.00058,0.0,0.0,0.0,3.292533194201326e+49,2.728133747250828e+58,2.2604825233035304e+67,1.872995135707654e+76,3.1777558246920423e+78,5.391435294651167e+80,86.91875294624076,0.24669907317916726,1.3211908919699331e-05,0.0,0.0,0.0
0.003517590904522613,2.9525370920794136e+51,7.881521106595235e+57,1.433541672479785e+63,0.0,0.0,0.0,0.49507,0.06425,0.00051,0.0,0.0,0.0,3.4344748504187877e+49,2.805235868348586e+58,2.2912813806483053e+67,1.8714898182148972e+76,3.16384158008451e+78,5.34862303093879e+80,85.96764340025351,0.2809575193131623,6.256506444765733e-05,0.0,0.0,0.0
0.0035427164824120604,3.123163419244695e+51,8.239674245540168e+57,4.640639343843671e+62,0.0,0.0,0.0,0.49267,0.06257,0.0005,0.0,0.0,0.0,3.581439086682356e+49,2.883928409883314e+58,2.3222628870777588e+67,1.8699857105388162e+76,3.1500686203882628e+78,5.306421464737088e+80,87.2041473735581,0.285710082722669,1.9983264468749545e-05,0.0,0.0,0.0
0.0035678420603015076,3.123178661180569e+51,7.132643888573919e+57,6.844768332943271e+62,0.0,0.0,0.0,0.48664,0.06069,0.00055,0.0,0.0,0.0,3.7335650875855533e+49,2.964231969836025e+58,2.353426541354388e+67,1.868482811707095e+76,3.1364344984285403e+78,5.264817691282449e+80,83.65137845233835,0.24062367456918296,2.9084265910437693e-05,0.0,0.0,0.0
0.003592967638190955,3.236408832657733e+51,7.685056085345579e+57,4.5927591439693385e+62,0.0,0.0,0.0,0.48036,0.05997,0.00048,0.0,0.0,0.0,3.890994827286512e+49,3.046167248474707e+58,2.384771843079271e+67,1.8669811207481785e+76,3.122936826605249e+78,5.223799166784788e+80,83.17689887330764,0.2522860847247859,1.925869410651488e-05,0.0,0.0,0.0
0.003618093216080402,3.284745486997194e+51,8.101976547091823e+57,1.0821065605682476e+63,0.0,0.0,0.0,0.47553,0.05739,0.00047,0.0,0.0,0.0,4.0538731036938683e+49,3.1297550478018816e+58,2.4162982926909746e+67,1.8654806366913183e+76,3.109573275035094e+78,5.183353695893916e+80,81.02733862103753,0.2588693499442417,4.478364959498154e-05,0.0,0.0,0.0
0.0036432187939698492,3.230773291740971e+51,7.694264513136454e+57,2.9341389852593613e+62,0.0,0.0,0.0,0.47189,0.05491,0.00045,0.0,0.0,0.0,4.2223475727862403e+49,3.215016271003483e+58,2.448005391464353e+67,1.8639813585665205e+76,3.0963415697639723e+78,5.14346941968426e+80,76.51604317379893,0.2393227238857765,1.1985835470338616e-05,0.0,0.0,0.0
0.0036683443718592964,3.3893528909001397e+51,6.646493026933074e+57,3.0998864687105548e+62,0.0,0.0,0.0,0.46536,0.05402,0.00036,0.0,0.0,0.0,4.396568783064334e+49,3.301971921899309e+58,2.4798926415094536e+67,1.862483285404591e+76,3.0832394910468263e+78,5.104134804133616e+80,77.09086467510734,0.2012885991807581,1.2500083337574345e-05,0.0,0.0,0.0
0.0036934699497487436,3.344885864423914e+51,7.434970074108336e+57,5.021002292286101e+62,0.0,0.0,0.0,0.46269,0.05204,0.00037,0.0,0.0,0.0,4.576690210134134e+49,3.390643104394818e+58,2.511959545770347e+67,1.8609864162371056e+76,3.070264871691697e+78,5.065338629071976e+80,73.08525836023064,0.21927905253346838,1.99883883510007e-05,0.0,0.0,0.0
0.003718595527638191,3.51355196987349e+51,6.872633576830066e+57,1.507823468457528e+63,0.0,0.0,0.0,0.45729,0.05136,0.00039,0.0,0.0,0.0,4.762868291420103e+49,3.481051021934426e+58,2.544205608024e+67,1.8594907500964245e+76,3.0574155954653285e+78,5.027069977578472e+80,73.76966472499043,0.19742984327218888,5.926500058415501e-05,0.0,0.0,0.0
0.003743721105527638,3.52175456768242e+51,8.248083115727778e+57,1.4460670990522835e+62,0.0,0.0,0.0,0.45244,0.04954,0.00024,0.0,0.0,0.0,4.955262461007019e+49,3.57321697695618e+58,2.5766303328791076e+67,1.8579962860156642e+76,3.044689595557534e+78,4.989318225805184e+80,71.07099967751701,0.2308307379294344,5.612241230725786e-06,0.0,0.0,0.0
0.0037688466834170857,3.6853080476350905e+51,7.539924952048874e+57,1.6458552541260395e+62,0.0,0.0,0.0,0.44726,0.04814,0.00031,0.0,0.0,0.0,5.1540351846094e+49,3.667162370348006e+58,2.6092332257750335e+67,1.856503023028761e+76,3.032084853101956e+78,4.952073033208242e+80,71.50335447146124,0.20560652053520473,6.307811957427312e-06,0.0,0.0,0.0
0.003793972261306533,4.004192678953611e+51,7.638276483750475e+57,9.942218753931944e+61,0.0,0.0,0.0,0.44261,0.04689,0.00023,0.0,0.0,0.0,5.359351994666821e+49,3.7629087009051365e+58,2.642013792980553e+67,1.855010960170373e+76,3.0195993957504174e+78,4.915324333166659e+80,74.71411997081455,0.20298862106096677,3.763121441813429e-06,0.0,0.0,0.0
0.00381909783919598,3.9353164911892575e+51,9.32641394861174e+57,1.3754184091663133e+62,0.0,0.0,0.0,0.4366,0.04648,0.00021,0.0,0.0,0.0,5.571381525564608e+49,3.860477564789296e+58,2.674971541592853e+67,1.8535200964759885e+76,3.0072312962991335e+78,4.879062323972012e+80,70.63448218600412,0.24158705217396528,5.141805764211231e-06,0.0,0.0,0.0
0.0038442234170854273,3.871066379058431e+51,6.8719183319869e+57,4.151834141553724e+62,0.0,0.0,0.0,0.43267,0.04466,0.00022,0.0,0.0,0.0,5.790295548977773e+49,3.959890654988963e+58,2.7081059795362633e+67,1.8520304309818135e+76,2.9949786713639277e+78,4.843277460170912e+80,66.85438327481978,0.1735380830106798,1.533113612586419e-05,0.0,0.0,0.0
0.0038693489949748745,4.077474978541124e+51,7.724105646548516e+57,8.291055363938074e+61,0.0,0.0,0.0,0.427,0.04398,0.00025,0.0,0.0,0.0,6.016269009337958e+49,4.0611697607814254e+58,2.741416615561276e+67,1.8505419627248936e+76,2.9828396801030815e+78,4.807960444245356e+80,67.77414660502053,0.19019410912441867,3.0243689765630786e-06,0.0,0.0,0.0
0.0038944745728643217,4.089903675443664e+51,7.40683446620895e+57,7.460691987453801e+62,0.0,0.0,0.0,0.4248,0.0424,0.00021,0.0,0.0,0.0,6.249480059421088e+49,4.164336767195874e+58,2.77490295924327e+67,1.849054690742996e+76,2.9708125229850884e+78,4.773102218614544e+80,65.44390311763834,0.17786348415804198,2.688631673623776e-05,0.0,0.0,0.0
0.0039196001507537685,4.373163657308409e+51,7.78075159149014e+57,1.8521022186628551e+62,0.0,0.0,0.0,0.41749,0.04069,0.00018,0.0,0.0,0.0,6.490110096055492e+49,4.269413654478219e+58,2.808564520981464e+67,1.8475686140746814e+76,2.958895440600106e+78,4.738693957944774e+80,67.38196413595966,0.1822440321126732,6.594479866232984e-06,0.0,0.0,0.0
0.0039447257286432166,4.3684028291940473e+51,6.1444080961678105e+57,3.324341926537211e+61,0.0,0.0,0.0,0.41346,0.03999,0.00013,0.0,0.0,0.0,6.738343795948656e+49,4.376422497557184e+58,2.842400811997779e+67,1.84608373175928e+76,2.94708671251286e+78,4.7047270617530036e+80,64.8290286378753,0.1403979643098324,1.16955424178925e-06,0.0,0.0,0.0
0.003969851306532664,4.242312369433645e+51,7.325480433763367e+57,3.21704169263088e+62,0.0,0.0,0.0,0.40823,0.0386,0.00021,0.0,0.0,0.0,6.99436915163156e+49,4.485385465511819e+58,2.876411344335699e+67,1.8446000428368982e+76,2.9353846561554864e+78,4.6711931472913554e+80,60.653252315743885,0.16331886055477443,1.1184219875109166e-05,0.0,0.0,0.0
0.003994976884422111,4.616475799434858e+51,7.072536980165616e+57,3.1965362106250546e+62,0.0,0.0,0.0,0.40232,0.03871,0.00017,0.0,0.0,0.0,7.258377507519524e+49,4.5963248210404754e+58,2.910595630859164e+67,1.8431175463484186e+76,2.9237876257586153e+78,4.638084042700121e+80,63.60203495412422,0.15387374164223228,1.0982412591890978e-05,0.0,0.0,0.0
0.004020102462311558,4.591621380087675e+51,8.901220058768005e+57,2.7518563400918387e+62,0.0,0.0,0.0,0.39705,0.03687,0.00016,0.0,0.0,0.0,7.530563596088118e+49,4.709262919931118e+58,2.944953185251429e+67,1.8416362413354902e+76,2.9122940113191558e+78,4.6053917804174856e+80,60.97314392873427,0.18901514334855193,9.344312683384458e-06,0.0,0.0,0.0
0.004045228040201005,4.695611903442181e+51,7.557012017193604e+57,2.967898920202646e+63,0.0,0.0,0.0,0.3952,0.03585,0.0002,0.0,0.0,0.0,7.811125574163035e+49,4.8242222105330306e+58,2.979483522013909e+67,1.8401561268405067e+76,2.9009022376032762e+78,4.5731085908348446e+80,60.11440808190205,0.15664726224040634,9.961118758584599e-05,0.0,0.0,0.0
0.004070353618090453,4.8509605381309535e+51,6.67028643443668e+57,1.8396970479021609e+62,0.0,0.0,0.0,0.39118,0.03382,0.00014,0.0,0.0,0.0,8.100265059323093e+49,4.9412252332301305e+58,3.014186156465166e+67,1.8386772019066786e+76,2.8896107631833526e+78,4.5412268961873323e+80,59.88644201892733,0.13499255993389,6.103461937664903e-06,0.0,0.0,0.0
0.0040954791959799,4.789027022710399e+51,7.950732197130978e+57,5.239891076585551e+61,0.0,0.0,0.0,0.38599,0.03378,0.00013,0.0,0.0,0.0,8.398187166414291e+49,5.060294619915332e+58,3.049060604739665e+67,1.8371994655779475e+76,2.878418079507119e+78,4.509739304668836e+80,57.024533126178625,0.15711994645212984,1.7185263777441195e-06,0.0,0.0,0.0
0.004120604773869347,4.95644327868111e+51,6.989697381957623e+57,2.7540673196748503e+61,0.0,0.0,0.0,0.37966,0.03257,0.00015,0.0,0.0,0.0,8.70510054417483e+49,5.181453093466655e+58,3.084106383786758e+67,1.8357229168990537e+76,2.867322709998252e+78,4.478638604762713e+80,56.93723183930139,0.1348984011989031,8.929871336971601e-07,0.0,0.0,0.0
0.004145730351758794,5.267243282033246e+51,5.912580911726514e+57,1.6594782115145873e+62,0.0,0.0,0.0,0.37657,0.03125,0.00018,0.0,0.0,0.0,9.021217411968817e+49,5.304723467224391e+58,3.119323011369458e+67,1.8342475549154643e+76,2.8563232091866676e+78,4.447917759778301e+80,58.38727791933026,0.11145879607594653,5.319994772795383e-06,0.0,0.0,0.0
0.004170855929648241,4.855247662248776e+51,6.0638628844989706e+57,1.7582169547943269e+62,0.0,0.0,0.0,0.37144,0.03155,0.00015,0.0,0.0,0.0,9.346753596628659e+49,5.430128644470032e+58,3.154710006063446e+67,1.8327733786734524e+76,2.8454181618678477e+78,4.4175699025852936e+80,51.94581853532596,0.11167070398367679,5.573307693623128e-06,0.0,0.0,0.0
0.004195981507537689,5.10660379098231e+51,1.3151174890843817e+58,1.464619682761394e+62,0.0,0.0,0.0,0.3703,0.02951,0.00014,0.0,0.0,0.0,9.68192856940375e+49,5.55769161790625e+58,3.1902668872558705e+67,1.831300387220036e+76,2.8346061822895966e+78,4.387588330536937e+80,52.743663149095035,0.2366301658133069,4.5909001802077964e-06,0.0,0.0,0.0
0.004221107085427136,5.185416020055012e+51,7.504944310982196e+57,1.6150243738667175e+62,0.0,0.0,0.0,0.36624,0.03029,0.00016,0.0,0.0,0.0,1.0026965483015299e+50,5.687435469138507e+58,3.2259931751442934e+67,1.8298285796030213e+76,2.8238859133655415e+78,4.357966500574801e+80,51.7147089898594,0.13195656199891778,5.006285773665594e-06,0.0,0.0,0.0
0.004246232663316583,5.256743464318463e+51,6.419540089385076e+57,2.0214405718403866e+62,0.0,0.0,0.0,0.35951,0.02792,0.00019,0.0,0.0,0.0,1.038209120881531e+50,5.819383368157813e+58,3.261888390735502e+67,1.82835795487095e+76,2.8132560259140597e+78,4.3286980245071234e+80,50.63279987229379,0.1103130638292567,6.19714818441285e-06,0.0,0.0,0.0
0.00427135824120603,5.429159538295851e+51,1.014738606767868e+58,7.2482851410289305e+62,0.0,0.0,0.0,0.35674,0.02727,0.00014,0.0,0.0,0.0,1.0747536374049338e+50,5.953558572825091e+58,3.297952055844462e+67,1.826888512073139e+76,2.802715217921932e+78,4.299776664454006e+80,50.51538649736444,0.1704423655794072,2.197813982220842e-05,0.0,0.0,0.0
0.0042964838190954775,5.347272316781075e+51,5.914590705801453e+57,4.388005904057496e+61,0.0,0.0,0.0,0.35173,0.0263,0.00012,0.0,0.0,0.0,1.1123535399221375e+50,6.089984428356875e+58,3.334183693093231e+67,1.8254202502596897e+76,2.7922622138316083e+78,4.271196328452371e+80,48.07169775497252,0.0971199643509968,1.3160660323386681e-06,0.0,0.0,0.0
0.004321609396984925,5.568160416381722e+51,6.752994954375018e+57,2.0510216570562088e+62,0.0,0.0,0.0,0.35057,0.02645,7e-05,0.0,0.0,0.0,1.151032653555947e+50,6.22868436681215e+58,3.370582825909754e+67,1.823953168481433e+76,2.781895763851122e+78,4.242951066214064e+80,48.37534712138448,0.10841767790252008,6.085065292832902e-06,0.0,0.0,0.0
0.004346734974874372,5.701513399519404e+51,5.459583858012069e+57,1.6742145474732162e+61,0.0,0.0,0.0,0.34741,0.02582,5e-05,0.0,0.0,0.0,1.190815190258188e+50,6.36968190658094e+58,3.4071489785268656e+67,1.8224872657899892e+76,2.7716146432861006e+78,4.2150350650313623e+80,47.87907851833183,0.08571203300389948,4.913828417908186e-07,0.0,0.0,0.0
0.004371860552763819,5.6593390766869774e+51,6.0374538590864195e+57,1.4220483546996435e+61,0.0,0.0,0.0,0.33908,0.02391,7e-05,0.0,0.0,0.0,1.2317257525761537e+50,6.51300065187398e+58,3.443881675981133e+67,1.821022541237741e+76,2.7614176518927214e+78,4.187442645823449e+80,45.946421635258275,0.09269849922937239,4.1292021285676546e-07,0.0,0.0,0.0
0.004396986130653266,5.7163441095874364e+51,7.346229411111522e+57,4.315146202970859e+61,0.0,0.0,0.0,0.33535,0.02415,0.00011,0.0,0.0,0.0,1.2737893374288253e+50,6.658664292213782e+58,3.4807804441117246e+67,1.8195589938778108e+76,2.7513036132509842e+78,4.16016825931847e+80,44.876683621218056,0.11032587150701884,1.2397065176203781e-06,0.0,0.0,0.0
0.0044221117085427135,5.4794170201520555e+51,6.43831570067299e+57,9.292011325744986e+61,0.0,0.0,0.0,0.33083,0.02281,7e-05,0.0,0.0,0.0,1.317031339892771e+50,6.806696601927266e+58,3.517844809559379e+67,1.818096622764104e+76,2.741271374157638e+78,4.133206482365879e+80,41.6043024503743,0.09458796354828021,2.6413931906532393e-06,0.0,0.0,0.0
0.004447237286432161,6.263234354212014e+51,5.4132916546479794e+57,9.068557956989726e+61,0.0,0.0,0.0,0.32722,0.02245,0.0001,0.0,0.0,0.0,1.3614775569975344e+50,6.957121439639424e+58,3.555074299765207e+67,1.8166354269512518e+76,2.7313198040377935e+78,4.1065520143735683e+80,46.00321409648735,0.07780935982811507,2.5508771947716124e-06,0.0,0.0,0.0
0.004472362864321608,5.8915949188907857e+51,6.138060061750791e+57,3.127300793440014e+61,0.0,0.0,0.0,0.32228,0.02188,3e-05,0.0,0.0,0.0,1.4071541915305311e+50,7.109962747768827e+58,3.59246844296975e+67,1.815175405494701e+76,2.7214477943749045e+78,4.080199673865431e+80,41.86886521997014,0.08633041099514863,8.705158703787526e-07,0.0,0.0,0.0
0.004497488442211055,5.8977803728608654e+51,8.166083307875787e+57,6.833804069436442e+60,0.0,0.0,0.0,0.3198,0.02087,5e-05,0.0,0.0,0.0,1.4540878558511534e+50,7.265244552023881e+58,3.630026768211718e+67,1.813716557450618e+76,2.7116542581579627e+78,4.05414439515388e+80,40.560000203072924,0.11239929020146967,1.882576770309333e-07,0.0,0.0,0.0
0.004522614020100502,5.9564544326168183e+51,4.963633107769025e+57,5.914448403869942e+59,0.0,0.0,0.0,0.31409,0.01973,2e-05,0.0,0.0,0.0,1.5023055757141498e+50,7.422990960900862e+58,3.66774880532695e+67,1.8122588818759225e+76,2.7019381293457557e+78,4.028381225123592e+80,39.64875408110832,0.06686837063272717,1.6125554714324873e-08,0.0,0.0,0.0
0.0045477395979899495,6.254835103709635e+51,5.189976912750415e+57,4.062858417711269e+60,0.0,0.0,0.0,0.31126,0.02033,5e-05,0.0,0.0,0.0,1.5518347941021017e+50,7.583226165183299e+58,3.7056340849473876e+67,1.8108023778283215e+76,2.6922983623473662e+78,4.0029053201218636e+80,40.306063038937786,0.06844022319390979,1.0964003257134744e-07,0.0,0.0,0.0
0.004572865175879397,6.493823110178584e+51,5.042451572724059e+57,4.143815022813344e+61,0.0,0.0,0.0,0.30756,0.01962,9e-05,0.0,0.0,0.0,1.6027033750668217e+50,7.745974437442416e+58,3.74368213849988e+67,1.8093470443662595e+76,2.6827339315182285e+78,3.977711942951268e+80,40.51793495416977,0.06509770479424648,1.1068821736221975e-06,0.0,0.0,0.0
0.004597990753768844,6.384296693640856e+51,4.755806251550471e+57,2.5655836678625388e+61,0.0,0.0,0.0,0.30027,0.0192,3e-05,0.0,0.0,0.0,1.654939607579675e+50,7.911260131539184e+58,3.781892498205143e+67,1.8078928805489378e+76,2.673243830671411e+78,3.9527964599611227e+80,38.577218554686695,0.060114396094635814,6.783861966145641e-07,0.0,0.0,0.0
0.004623116331658291,6.679440793678893e+51,4.58546480282083e+57,1.5434827414415712e+62,0.0,0.0,0.0,0.29952,0.01743,3e-05,0.0,0.0,0.0,1.7085722093906535e+50,8.079107682127686e+58,3.8202646970767043e+67,1.8064398854363364e+76,2.6638270726034805e+78,3.928154338233752e+80,39.09369915399159,0.05675707000371627,4.040250777970061e-06,0.0,0.0,0.0
0.004648241909547739,6.620661191746019e+51,4.643090475246329e+57,3.648952261500048e+60,0.0,0.0,0.0,0.29533,0.0176,3e-05,0.0,0.0,0.0,1.7636303308960444e+50,8.249541604159531e+58,3.858798268919682e+67,1.804988058089146e+76,2.654482688634305e+78,3.9037811428618323e+80,37.539959909752014,0.056283011808864865,9.456188189183616e-08,0.0,0.0,0.0
0.004673367487437186,6.736801957595797e+51,4.677647655719791e+57,9.501353104450805e+61,0.0,0.0,0.0,0.29246,0.01692,2e-05,0.0,0.0,0.0,1.8201435590147478e+50,8.422586492390158e+58,3.897492748329879e+67,1.803537397568862e+76,2.6452097281606857e+78,3.8796725343139253e+80,37.01247587988312,0.055536950079955426,2.4378116183852414e-06,0.0,0.0,0.0
0.004698493065326634,6.93631081886866e+51,4.594491959417825e+57,8.562136091865535e+61,0.0,0.0,0.0,0.2896,0.0169,5e-05,0.0,0.0,0.0,1.878141921072912e+50,8.598267020885879e+58,3.936347670692543e+67,1.8020879029376985e+76,2.636007258222827e+78,3.855824265884132e+80,36.931771454769546,0.053435092772269537,2.1751473213643124e-06,0.0,0.0,0.0
0.004723618643216081,6.789332951887898e+51,6.492987292943215e+57,9.384447729563989e+60,0.0,0.0,0.0,0.28466,0.01582,1e-05,0.0,0.0,0.0,1.9376558886969678e+50,8.776607942532647e+58,3.9753625721813506e+67,1.8006395732586334e+76,2.6268743630836562e+78,3.8322321812234303e+80,35.03889927769156,0.07398060088200258,2.3606520308950283e-07,0.0,0.0,0.0
0.004748744221105528,7.022433050884771e+51,5.686120627061306e+57,1.2304301693820848e+60,0.0,0.0,0.0,0.28127,0.01618,2e-05,0.0,0.0,0.0,1.9987163817148683e+50,8.957634088546096e+58,4.014536989757347e+67,1.799192407595412e+76,2.617810143820304e+78,3.8088922119493007e+80,35.13471503575525,0.06347792922611124,3.0649366851554564e-08,0.0,0.0,0.0
0.004773869798994975,7.076448055971626e+51,5.579272766417262e+57,1.447866474729989e+60,0.0,0.0,0.0,0.27746,0.01532,4e-05,0.0,0.0,0.0,2.061354772065398e+50,9.141370367982693e+58,4.053870461167802e+67,1.797746405012518e+76,2.608813717927346e+78,3.7858003753307527e+80,34.32911283331058,0.06103322086104788,3.571565713801573e-08,0.0,0.0,0.0
0.0047989953768844225,6.931559331354248e+51,4.6574085463895954e+57,2.0530848524815563e+61,0.0,0.0,0.0,0.27353,0.0147,6e-05,0.0,0.0,0.0,2.1256028877155195e+50,9.32784176725242e+58,4.0933625249451374e+67,1.7963015645751798e+76,2.599884218931496e+78,3.762952772046163e+80,32.60985093412206,0.049930183879625,5.015643837969307e-07,0.0,0.0,0.0
0.00482412095477387,8.471685165341543e+51,5.19975786030703e+57,7.06715843846856e+60,0.0,0.0,0.0,0.27073,0.01422,4e-05,0.0,0.0,0.0,2.1914930165856185e+50,9.51707334963277e+58,4.133012720405888e+67,1.7948578853493872e+76,2.591020796017325e+78,3.7403455840111944e+80,38.657139681606495,0.05463610155434675,1.70992903156962e-07,0.0,0.0,0.0
0.004849246532663317,7.284383585322583e+51,4.4529871805282154e+57,2.530402692183428e+60,0.0,0.0,0.0,0.26639,0.01434,4e-05,0.0,0.0,0.0,2.259057910482532e+50,9.709090254784045e+58,4.172820587649626e+67,1.793415366401892e+76,2.5822226136636147e+78,3.717975072274207e+80,32.24522732029764,0.0458641032648147,6.06401027562198e-08,0.0,0.0,0.0
0.004874372110552764,7.350307247680236e+51,4.545754731309534e+57,6.731486899189307e+60,0.0,0.0,0.0,0.26451,0.01341,3e-05,0.0,0.0,0.0,2.3283307890402217e+50,9.903917698265774e+58,4.2127856675578065e+67,1.791974006800174e+76,2.5734888512899406e+78,3.6958375749766895e+80,31.568999054082692,0.045898551157240716,1.5978707274447258e-07,0.0,0.0,0.0
0.004899497688442211,7.567624918897937e+51,5.056875496194491e+57,1.2055077664392468e+62,0.0,0.0,0.0,0.26246,0.01326,1e-05,0.0,0.0,0.0,2.3993453436680753e+50,1.0101580971054703e+59,4.2529075017927454e+67,1.7905338056124622e+76,2.56481870291329e+78,3.673929505376564e+80,31.540373872686,0.050060238201174403,2.8345496955461275e-06,0.0,0.0,0.0
0.0049246232663316585,8.052699779096039e+51,4.781828562684762e+57,2.4836078004747938e+61,0.0,0.0,0.0,0.25574,0.01255,4e-05,0.0,0.0,0.0,2.4721357415067096e+50,1.030210543906421e+59,4.2931856327966275e+67,1.7890947619077747e+76,2.5562113768143176e+78,3.6522473499320316e+80,32.573857672508325,0.04641603205256186,5.784999794795607e-07,0.0,0.0,0.0
0.004949748844221106,7.586885452189637e+51,4.718451627998646e+57,1.9671539404770883e+60,0.0,0.0,0.0,0.25456,0.013,2e-05,0.0,0.0,0.0,2.546736629390997e+50,1.0505516542664384e+59,4.3336196037902395e+67,1.7876568747558294e+76,2.5476660952127207e+78,3.6307876664435173e+80,29.790616605706475,0.04491403739013069,4.539286140289264e-08,0.0,0.0,0.0
0.004974874422110553,7.82566148599308e+51,4.387549299354761e+57,1.2181537821798637e+60,0.0,0.0,0.0,0.25222,0.01234,2e-05,0.0,0.0,0.0,2.6231831378205183e+50,1.0711839796204124e+59,4.3742089587720323e+67,1.786220143227103e+76,2.539182093951821e+78,3.6095470822522314e+80,29.83269209520408,0.040959810665853545,2.7848550301580356e-08,0.0,0.0,0.0
0.005,7.742877268845359e+51,8.052859559325121e+57,6.836885889822571e+61,0.0,0.0,0.0,0.24597,0.01225,6e-05,0.0,0.0,0.0,2.7015108849371134e+50,1.0921100787534287e+59,4.4149532425170474e+67,1.7847845663928312e+76,2.5307586221917647e+78,3.5885222924929035e+80,28.661284735210682,0.07373670215109566,1.5485749257731061e-06,0.0,0.0,0.0
